Avg Weekday Trip OD,,,,,,,,,,,,,,,,,,,,,,,,,,,,,,,,,,,,,,,,,,,,,,,,,,,
,,,,,,,,,,,,,,,,,,,,,,,,,,,,,,,,,,,,,,,,,,,,,,,,,,,
,Avg Weekday,Avg Weekday,Avg Weekday,Avg Weekday,Avg Weekday,Avg Weekday,Avg Weekday,Avg Weekday,Avg Weekday,Avg Weekday,Avg Weekday,Avg Weekday,Avg Weekday,Avg Weekday,Avg Weekday,Avg Weekday,Avg Weekday,Avg Weekday,Avg Weekday,Avg Weekday,Avg Weekday,Avg Weekday,Avg Weekday,Avg Weekday,Avg Weekday,Avg Weekday,Avg Weekday,Avg Weekday,Avg Weekday,Avg Weekday,Avg Weekday,Avg Weekday,Avg Weekday,Avg Weekday,Avg Weekday,Avg Weekday,Avg Weekday,Avg Weekday,Avg Weekday,Avg Weekday,Avg Weekday,Avg Weekday,Avg Weekday,Avg Weekday,Avg Weekday,Avg Weekday,Avg Weekday,Avg Weekday,Avg Weekday,Avg Weekday,Avg Weekday
Exit Station Two-Letter Code,RM,EN,EP,NB,BK,AS,MA,19,12,LM,FV,CL,SL,BF,HY,SH,UC,FM,CN,PH,WC,LF,OR,RR,OW,EM,MT,PL,CC,16,24,GP,BP,DC,CM,CV,ED,NC,WP,SS,SB,SO,MB,WD,OA,WS,PC,AN,ML,BE,
RM,23.8181818181818,75.0454545454545,66.0,34.4545454545455,296.681818181818,52.3181818181818,83.5909090909091,68.0,81.1818181818182,22.5454545454545,62.2727272727273,42.4090909090909,23.9545454545455,13.0909090909091,21.2727272727273,10.1818181818182,7.09090909090909,9.0,19.4545454545455,6.27272727272727,16.0909090909091,12.3181818181818,8.09090909090909,14.8181818181818,20.7272727272727,206.636363636364,158.818181818182,244.727272727273,168.0,109.454545454545,133.090909090909,28.3636363636364,44.2272727272727,86.4545454545455,12.7272727272727,2.0,8.40909090909091,2.77272727272727,8.77272727272727,10.1818181818182,18.6818181818182,49.3181818181818,14.1818181818182,2.72727272727273,8.31818181818182,8.40909090909091,3.90909090909091,14.0909090909091,6.31818181818182,14.5,2455.77272727273
EN,84.1363636363636,18.4090909090909,70.5454545454545,54.8181818181818,468.045454545455,82.9090909090909,130.090909090909,148.909090909091,216.727272727273,51.0,90.1818181818182,51.1363636363636,38.2272727272727,22.2272727272727,37.4090909090909,16.2272727272727,15.2727272727273,18.6818181818182,27.0454545454545,11.6363636363636,19.2727272727273,7.68181818181818,9.13636363636364,23.7272727272727,25.7272727272727,420.681818181818,349.181818181818,429.318181818182,334.5,146.545454545455,113.727272727273,38.3636363636364,53.9090909090909,123.318181818182,11.1818181818182,5.31818181818182,12.0,4.59090909090909,8.27272727272727,15.9090909090909,22.2272727272727,75.4090909090909,28.3181818181818,5.5,25.9090909090909,17.8181818181818,3.63636363636364,9.90909090909091,16.0454545454545,21.3181818181818,4032.09090909091
EP,75.2727272727273,55.5,9.22727272727273,31.7727272727273,348.318181818182,55.2727272727273,69.3181818181818,94.5454545454545,119.818181818182,32.9090909090909,34.5,19.1818181818182,17.0,9.72727272727273,11.7272727272727,4.31818181818182,9.54545454545454,10.1363636363636,10.9545454545455,9.90909090909091,12.0,7.22727272727273,5.59090909090909,14.0,4.77272727272727,254.363636363636,216.318181818182,159.363636363636,157.863636363636,58.0909090909091,43.3636363636364,19.3181818181818,20.2727272727273,35.0454545454545,4.40909090909091,3.36363636363636,5.81818181818182,2.04545454545455,2.81818181818182,5.45454545454545,9.63636363636364,49.3181818181818,13.0,4.40909090909091,16.3181818181818,8.27272727272727,1.36363636363636,4.54545454545455,7.86363636363636,10.9090909090909,2186.09090909091
NB,37.8181818181818,47.1363636363636,35.1363636363636,8.09090909090909,90.3181818181818,25.9090909090909,38.9090909090909,82.7727272727273,86.8181818181818,20.7727272727273,39.7727272727273,16.5909090909091,17.6818181818182,11.2727272727273,11.9090909090909,3.18181818181818,9.0,12.0454545454545,12.7272727272727,10.7272727272727,13.8636363636364,4.72727272727273,4.09090909090909,12.5454545454545,6.13636363636364,303.181818181818,222.818181818182,128.318181818182,180.227272727273,70.9090909090909,42.5,17.6363636363636,17.6818181818182,17.5909090909091,2.72727272727273,1.72727272727273,5.22727272727273,1.40909090909091,4.27272727272727,2.09090909090909,5.90909090909091,71.5909090909091,13.4545454545455,2.36363636363636,17.2272727272727,6.5,1.18181818181818,5.36363636363636,7.40909090909091,10.5909090909091,1819.86363636364
BK,340.181818181818,491.909090909091,369.090909090909,108.045454545455,40.6363636363636,187.545454545455,207.0,274.681818181818,251.454545454545,111.954545454545,183.090909090909,83.4090909090909,96.3181818181818,71.5,76.6818181818182,44.5454545454545,76.9545454545455,76.0,58.9090909090909,53.5454545454545,70.8636363636364,34.9545454545455,21.3636363636364,18.7272727272727,46.0,491.545454545455,337.136363636364,361.727272727273,349.363636363636,175.954545454545,158.090909090909,73.9545454545455,65.0909090909091,73.7272727272727,20.5,20.3181818181818,50.2272727272727,10.9545454545455,40.8181818181818,21.0,23.1363636363636,134.227272727273,63.5,16.8636363636364,59.5454545454545,32.6363636363636,9.86363636363636,31.3636363636364,65.8636363636364,89.6363636363636,6172.40909090909
AS,57.1363636363636,80.3636363636364,61.0909090909091,34.0454545454545,163.818181818182,9.31818181818182,43.1363636363636,76.9545454545455,89.0,32.9545454545455,59.3636363636364,32.8636363636364,26.3636363636364,16.5454545454545,18.7272727272727,8.95454545454546,10.3181818181818,7.54545454545455,10.5454545454545,9.36363636363636,6.72727272727273,6.09090909090909,4.5,5.86363636363636,15.2272727272727,272.181818181818,212.045454545455,153.181818181818,197.863636363636,88.6818181818182,45.3636363636364,18.0909090909091,19.5909090909091,25.5454545454545,4.31818181818182,2.63636363636364,10.5909090909091,2.59090909090909,8.45454545454546,4.13636363636364,4.18181818181818,47.4090909090909,14.1363636363636,3.63636363636364,13.5909090909091,6.90909090909091,2.18181818181818,8.18181818181818,10.0909090909091,14.7727272727273,2077.18181818182
MA,97.3636363636364,118.727272727273,68.8181818181818,39.4545454545455,206.681818181818,41.3636363636364,17.2727272727273,87.1363636363636,100.409090909091,33.4090909090909,110.954545454545,76.0,62.7727272727273,37.8181818181818,39.8636363636364,30.4545454545455,25.9090909090909,27.0909090909091,83.2272727272727,71.3181818181818,72.0,24.8181818181818,23.8636363636364,37.6363636363636,38.0909090909091,463.045454545455,354.272727272727,304.818181818182,347.5,184.090909090909,111.181818181818,35.9545454545455,43.9545454545455,47.6363636363636,9.81818181818182,8.72727272727273,25.4545454545455,16.6818181818182,79.4545454545455,12.4545454545455,11.3181818181818,78.9545454545455,22.7272727272727,13.6363636363636,15.1363636363636,22.0909090909091,17.1363636363636,78.9545454545455,22.6363636363636,23.7272727272727,3923.81818181818
19,81.5909090909091,153.0,94.2727272727273,89.8181818181818,257.227272727273,79.1818181818182,85.0,16.5454545454545,21.4545454545455,17.8181818181818,63.8181818181818,74.7272727272727,84.2272727272727,60.8636363636364,65.0454545454545,35.9545454545455,60.4545454545455,61.4090909090909,88.3636363636364,89.8181818181818,106.090909090909,57.1363636363636,37.3181818181818,71.0,43.1818181818182,615.909090909091,477.818181818182,379.590909090909,412.409090909091,205.272727272727,157.0,71.5909090909091,61.3636363636364,74.7272727272727,16.5454545454545,15.6818181818182,51.5,24.4090909090909,51.1818181818182,19.2727272727273,25.6363636363636,66.4090909090909,33.4090909090909,22.5,16.8636363636364,32.0909090909091,13.9090909090909,64.5454545454545,36.8636363636364,49.4090909090909,4891.22727272727
12,90.1363636363636,204.5,108.727272727273,81.3181818181818,241.409090909091,80.7727272727273,96.3636363636364,20.0,23.9545454545455,12.5454545454545,74.1363636363636,82.6363636363636,129.318181818182,95.8181818181818,73.9545454545455,58.1363636363636,77.0454545454545,82.7272727272727,107.363636363636,132.136363636364,110.0,56.6363636363636,45.0909090909091,80.2272727272727,39.3181818181818,561.227272727273,392.5,417.909090909091,376.409090909091,180.545454545455,148.136363636364,74.3636363636364,78.1818181818182,96.9090909090909,35.0,21.6363636363636,85.2272727272727,37.2727272727273,83.7727272727273,31.0,31.3636363636364,87.3181818181818,39.1818181818182,30.5454545454545,20.8636363636364,23.9090909090909,17.6363636363636,89.3181818181818,32.2272727272727,46.2727272727273,5243.0
LM,22.5454545454545,45.9090909090909,30.6363636363636,22.4090909090909,115.681818181818,31.4545454545455,32.4090909090909,17.3636363636364,12.1363636363636,14.9090909090909,117.954545454545,116.090909090909,198.181818181818,137.863636363636,91.6818181818182,68.9090909090909,55.5909090909091,59.3181818181818,14.0,8.36363636363636,16.3181818181818,4.04545454545455,3.18181818181818,13.3181818181818,18.9090909090909,318.590909090909,253.909090909091,261.181818181818,242.181818181818,106.409090909091,77.9545454545455,30.1818181818182,41.8181818181818,44.9545454545455,5.31818181818182,57.9090909090909,97.4090909090909,5.90909090909091,10.7272727272727,5.09090909090909,4.72727272727273,17.7272727272727,5.04545454545455,52.7272727272727,14.3636363636364,35.5,8.09090909090909,17.4545454545455,33.8181818181818,44.3636363636364,3062.54545454545
FV,72.1818181818182,85.4090909090909,30.0454545454545,32.2272727272727,176.954545454545,52.7272727272727,105.272727272727,73.1363636363636,75.9545454545455,110.590909090909,38.0454545454545,150.181818181818,181.772727272727,164.727272727273,161.045454545455,71.3636363636364,59.0,55.5909090909091,26.1363636363636,10.8636363636364,16.5,8.09090909090909,15.9090909090909,31.1818181818182,66.2272727272727,379.681818181818,320.454545454545,384.727272727273,378.0,172.818181818182,132.727272727273,40.1363636363636,61.6818181818182,134.0,5.40909090909091,36.2272727272727,98.1363636363636,4.13636363636364,12.3636363636364,8.86363636363636,14.2727272727273,37.1363636363636,11.8181818181818,36.3181818181818,10.5,44.2272727272727,13.3181818181818,22.9090909090909,42.3636363636364,56.8636363636364,4330.22727272727
CL,49.5,49.0909090909091,15.8636363636364,17.9090909090909,76.9545454545455,33.4545454545455,77.7272727272727,77.5,78.5454545454545,110.954545454545,144.636363636364,30.7272727272727,77.1818181818182,90.1363636363636,110.818181818182,46.0909090909091,56.2727272727273,42.5909090909091,22.2727272727273,13.9090909090909,11.2272727272727,7.18181818181818,4.5,16.7727272727273,50.7727272727273,172.818181818182,128.5,178.772727272727,166.772727272727,69.5,79.1818181818182,25.4545454545455,29.5909090909091,78.2727272727273,5.22727272727273,26.9545454545455,65.7272727272727,3.86363636363636,18.5454545454545,6.90909090909091,6.27272727272727,17.3181818181818,8.63636363636364,22.4545454545455,12.2727272727273,36.0,6.36363636363636,30.1363636363636,46.1363636363636,49.3181818181818,2603.59090909091
SL,27.4090909090909,35.2272727272727,12.6818181818182,19.5454545454545,91.3636363636364,27.6818181818182,69.4545454545455,91.2727272727273,136.0,199.863636363636,195.363636363636,89.9545454545455,14.9090909090909,91.9545454545455,140.727272727273,78.8181818181818,59.7727272727273,98.5454545454545,17.4545454545455,16.2727272727273,12.1818181818182,3.45454545454545,4.68181818181818,14.2727272727273,28.1363636363636,352.272727272727,317.772727272727,314.090909090909,254.909090909091,92.2272727272727,67.8181818181818,23.5909090909091,46.2272727272727,93.9090909090909,4.95454545454545,31.4090909090909,102.954545454545,3.77272727272727,8.54545454545454,6.04545454545455,8.18181818181818,23.2272727272727,4.77272727272727,42.5909090909091,7.81818181818182,53.8181818181818,4.72727272727273,18.1363636363636,37.8181818181818,61.5454545454545,3560.13636363636
BF,16.0454545454545,22.3181818181818,8.90909090909091,11.7272727272727,70.7272727272727,14.7272727272727,44.0454545454545,66.0454545454545,97.7727272727273,140.409090909091,153.272727272727,92.2272727272727,93.4090909090909,19.2272727272727,71.9545454545455,51.4090909090909,51.5909090909091,66.1818181818182,15.2272727272727,3.13636363636364,9.13636363636364,1.63636363636364,1.90909090909091,9.13636363636364,23.2727272727273,270.772727272727,248.5,293.090909090909,209.318181818182,67.0,55.3181818181818,19.9545454545455,31.4545454545455,59.7272727272727,4.54545454545455,33.2272727272727,83.3181818181818,3.04545454545455,6.77272727272727,7.36363636363636,9.27272727272727,13.1363636363636,5.0,38.7727272727273,5.81818181818182,46.2727272727273,4.22727272727273,7.77272727272727,28.5454545454545,56.2272727272727,2763.90909090909
HY,24.0,38.4090909090909,14.8181818181818,12.0,73.1818181818182,18.9090909090909,44.6818181818182,71.1363636363636,79.0,87.4545454545455,163.318181818182,116.136363636364,142.454545454545,70.7727272727273,15.8181818181818,64.1818181818182,132.636363636364,152.772727272727,19.1818181818182,10.8636363636364,7.18181818181818,5.0,2.13636363636364,10.6363636363636,25.4090909090909,170.045454545455,132.454545454545,138.545454545455,114.909090909091,40.6818181818182,26.3636363636364,13.1818181818182,16.1818181818182,32.1363636363636,4.13636363636364,10.4545454545455,47.7272727272727,2.90909090909091,14.6818181818182,6.63636363636364,6.72727272727273,10.2272727272727,5.86363636363636,18.2272727272727,6.40909090909091,91.4090909090909,6.18181818181818,15.1818181818182,71.8636363636364,87.0909090909091,2492.31818181818
SH,11.2272727272727,15.5909090909091,3.04545454545455,2.90909090909091,39.3181818181818,7.68181818181818,28.5909090909091,38.0909090909091,53.6363636363636,60.0,66.6363636363636,44.0909090909091,67.2272727272727,45.9090909090909,53.2727272727273,7.5,53.4090909090909,70.0,7.22727272727273,4.31818181818182,6.13636363636364,1.63636363636364,0.681818181818182,3.09090909090909,11.5,132.909090909091,117.681818181818,88.3636363636364,93.4545454545455,27.6818181818182,32.2272727272727,4.81818181818182,10.4090909090909,23.3181818181818,3.13636363636364,12.9545454545455,25.1818181818182,0.181818181818182,4.86363636363636,2.90909090909091,1.95454545454545,5.95454545454545,3.22727272727273,15.9090909090909,5.81818181818182,70.0909090909091,0.909090909090909,4.81818181818182,35.0454545454545,55.4545454545455,1482.0
UC,11.4090909090909,16.8636363636364,7.63636363636364,8.59090909090909,79.7727272727273,9.18181818181818,29.0454545454545,62.4545454545455,81.0454545454545,56.4090909090909,58.3181818181818,61.1363636363636,67.5454545454545,61.0909090909091,131.318181818182,53.0909090909091,16.0,66.9090909090909,8.18181818181818,5.13636363636364,12.4090909090909,0.636363636363636,2.04545454545455,4.72727272727273,12.4545454545455,231.727272727273,179.772727272727,117.090909090909,106.409090909091,32.0909090909091,17.0,5.81818181818182,11.2272727272727,30.6818181818182,3.31818181818182,11.3181818181818,36.3181818181818,1.36363636363636,4.86363636363636,1.86363636363636,2.0,13.3181818181818,1.63636363636364,16.1818181818182,6.22727272727273,80.8636363636364,1.68181818181818,4.09090909090909,72.8636363636364,87.1363636363636,2000.27272727273
FM,10.2727272727273,17.1818181818182,8.45454545454546,14.0,78.5454545454545,10.1818181818182,30.5909090909091,60.1818181818182,82.1818181818182,59.6818181818182,56.6818181818182,41.3636363636364,99.5,71.0,154.727272727273,74.7727272727273,71.8636363636364,18.5,7.90909090909091,4.40909090909091,6.59090909090909,0.545454545454545,3.04545454545455,6.5,8.27272727272727,301.954545454545,190.818181818182,111.5,98.5454545454545,32.0,16.7272727272727,8.04545454545454,7.5,30.1818181818182,1.63636363636364,16.6363636363636,35.0454545454545,1.54545454545455,5.18181818181818,0.863636363636364,3.27272727272727,20.2272727272727,2.22727272727273,15.0454545454545,8.95454545454546,74.4545454545455,1.22727272727273,6.22727272727273,94.5909090909091,123.409090909091,2204.77272727273
CN,23.2727272727273,25.8636363636364,11.1363636363636,13.0,57.7727272727273,12.5909090909091,85.6818181818182,80.7272727272727,109.045454545455,16.9090909090909,27.7272727272727,24.2727272727273,22.3636363636364,12.9090909090909,19.3636363636364,6.77272727272727,6.40909090909091,9.04545454545454,25.0454545454545,66.6363636363636,153.090909090909,91.9090909090909,29.9090909090909,66.1363636363636,10.5909090909091,332.045454545455,269.818181818182,227.636363636364,212.954545454545,57.3636363636364,49.6818181818182,23.8181818181818,30.7727272727273,58.9545454545455,8.81818181818182,5.40909090909091,6.22727272727273,25.5909090909091,135.5,10.6818181818182,12.2727272727273,77.9090909090909,14.1818181818182,4.22727272727273,17.4545454545455,3.90909090909091,72.0454545454545,120.772727272727,9.40909090909091,9.40909090909091,2805.04545454545
PH,6.5,14.7272727272727,10.9545454545455,10.3181818181818,57.5909090909091,8.54545454545454,74.5454545454545,92.5,127.090909090909,7.36363636363636,12.4090909090909,14.1818181818182,11.1363636363636,4.22727272727273,11.0,4.72727272727273,4.63636363636364,5.36363636363636,67.3181818181818,11.2272727272727,61.2727272727273,28.2272727272727,19.5454545454545,65.0,9.86363636363636,530.681818181818,441.090909090909,213.272727272727,217.954545454545,63.9090909090909,35.9090909090909,24.1363636363636,18.1818181818182,38.8636363636364,8.77272727272727,2.04545454545455,4.27272727272727,14.0,47.3181818181818,9.36363636363636,9.45454545454546,107.318181818182,9.04545454545454,1.59090909090909,23.0454545454545,5.22727272727273,23.3181818181818,50.5909090909091,5.68181818181818,8.27272727272727,2653.59090909091
WC,19.0454545454545,17.1363636363636,11.8636363636364,12.9090909090909,73.0909090909091,7.45454545454545,78.8181818181818,112.318181818182,115.045454545455,18.3181818181818,17.6363636363636,10.0909090909091,12.6818181818182,7.90909090909091,9.36363636363636,5.72727272727273,10.6818181818182,6.09090909090909,170.363636363636,64.0,12.1363636363636,43.7727272727273,26.8636363636364,87.0,9.45454545454546,592.590909090909,453.409090909091,213.818181818182,201.136363636364,54.5454545454545,37.2272727272727,23.1818181818182,23.5,39.1363636363636,9.40909090909091,2.40909090909091,4.0,22.2727272727273,77.3181818181818,12.1363636363636,11.5909090909091,134.863636363636,9.31818181818182,1.40909090909091,19.3181818181818,3.81818181818182,29.9090909090909,78.6818181818182,5.90909090909091,8.72727272727273,3029.40909090909
LF,14.6363636363636,7.09090909090909,7.86363636363636,5.5,33.3181818181818,5.54545454545455,27.6818181818182,55.6363636363636,59.8636363636364,4.09090909090909,10.2272727272727,6.63636363636364,2.54545454545455,1.40909090909091,4.04545454545455,2.0,0.727272727272727,0.636363636363636,107.863636363636,44.5,45.5,8.22727272727273,9.45454545454546,40.7727272727273,2.09090909090909,427.454545454545,316.954545454545,108.772727272727,101.136363636364,34.6818181818182,19.1818181818182,7.72727272727273,11.9090909090909,12.6818181818182,2.31818181818182,0.590909090909091,0.727272727272727,6.22727272727273,18.0454545454545,3.27272727272727,4.77272727272727,79.3636363636364,2.68181818181818,0.227272727272727,12.1363636363636,1.95454545454545,8.31818181818182,13.5454545454545,0.954545454545455,2.13636363636364,1705.63636363636
OR,7.90909090909091,6.0,3.04545454545455,6.04545454545455,24.6363636363636,3.40909090909091,21.7272727272727,34.5454545454545,49.2727272727273,2.09090909090909,8.04545454545454,4.18181818181818,5.0,2.13636363636364,2.31818181818182,0.636363636363636,1.54545454545455,3.5,30.0,15.2272727272727,24.9090909090909,7.95454545454545,6.45454545454545,29.4545454545455,2.72727272727273,398.454545454545,258.136363636364,89.4090909090909,89.8636363636364,25.5454545454545,13.2272727272727,10.7272727272727,9.81818181818182,16.3181818181818,2.22727272727273,1.59090909090909,0.5,1.40909090909091,9.40909090909091,2.09090909090909,4.0,55.4545454545455,3.77272727272727,0.272727272727273,6.5,0.454545454545455,5.31818181818182,8.40909090909091,2.0,2.54545454545455,1320.22727272727
RR,13.5909090909091,22.7272727272727,15.3181818181818,12.7272727272727,19.3181818181818,6.59090909090909,38.7727272727273,83.3636363636364,84.6363636363636,14.3636363636364,31.3636363636364,16.4090909090909,16.2727272727273,12.0909090909091,9.54545454545454,3.5,5.68181818181818,6.63636363636364,68.4090909090909,69.9545454545455,87.9090909090909,35.7727272727273,38.3636363636364,10.4545454545455,18.2272727272727,587.590909090909,425.409090909091,210.0,270.772727272727,109.545454545455,64.8636363636364,35.3636363636364,28.5909090909091,27.0,3.0,1.72727272727273,4.36363636363636,9.18181818181818,32.7727272727273,5.18181818181818,8.72727272727273,102.272727272727,6.27272727272727,1.5,10.4090909090909,3.68181818181818,10.8636363636364,27.7727272727273,4.95454545454545,7.68181818181818,2741.5
OW,23.2727272727273,25.0454545454545,5.09090909090909,8.59090909090909,44.8636363636364,15.0,35.7272727272727,41.5909090909091,48.6363636363636,16.6363636363636,72.5,53.0,24.1818181818182,27.9090909090909,26.4545454545455,12.0,10.8181818181818,9.09090909090909,11.1818181818182,7.77272727272727,8.86363636363636,2.77272727272727,3.36363636363636,17.0,23.1363636363636,846.681818181818,536.5,504.136363636364,447.409090909091,223.136363636364,133.954545454545,36.7272727272727,45.9090909090909,44.8636363636364,6.5,9.0,17.5,2.81818181818182,6.95454545454545,8.31818181818182,17.0909090909091,74.9545454545455,15.6363636363636,6.72727272727273,5.18181818181818,5.13636363636364,8.54545454545454,11.7727272727273,6.90909090909091,9.13636363636364,3606.0
EM,261.318181818182,466.136363636364,292.409090909091,348.454545454545,531.954545454545,319.454545454545,529.318181818182,748.5,685.909090909091,375.954545454545,455.272727272727,198.636363636364,436.136363636364,323.5,208.5,161.454545454545,270.545454545455,333.454545454545,389.545454545455,618.909090909091,680.318181818182,488.545454545455,455.954545454545,643.0,981.0,89.8636363636364,26.9090909090909,115.636363636364,189.545454545455,484.454545454545,766.181818181818,505.272727272727,539.454545454545,621.772727272727,229.363636363636,264.909090909091,789.272727272727,109.772727272727,331.318181818182,191.681818181818,186.363636363636,301.954545454545,191.545454545455,330.363636363636,52.2727272727273,119.454545454545,35.7727272727273,256.5,160.727272727273,172.954545454545,18267.5
MT,209.909090909091,365.5,221.5,237.227272727273,346.181818181818,235.545454545455,392.681818181818,508.181818181818,453.681818181818,281.636363636364,357.318181818182,142.136363636364,359.181818181818,297.045454545455,159.272727272727,135.818181818182,194.454545454545,201.590909090909,293.318181818182,450.681818181818,455.454545454545,316.590909090909,261.409090909091,440.681818181818,633.0,28.7272727272727,70.5,44.8636363636364,112.5,456.863636363636,826.318181818182,579.954545454545,728.909090909091,766.0,260.681818181818,189.0,499.590909090909,85.0454545454545,254.727272727273,231.363636363636,218.0,260.909090909091,213.909090909091,200.954545454545,29.0454545454545,87.9545454545455,36.5909090909091,218.727272727273,117.909090909091,121.772727272727,14590.8181818182
PL,226.045454545455,360.954545454545,135.727272727273,121.818181818182,357.454545454545,139.636363636364,288.318181818182,357.272727272727,373.409090909091,231.545454545455,357.545454545455,164.863636363636,272.954545454545,232.590909090909,135.181818181818,83.8636363636364,108.636363636364,102.727272727273,210.0,203.0,189.5,108.136363636364,86.5,195.045454545455,498.090909090909,142.090909090909,48.7727272727273,77.8636363636364,87.5909090909091,433.136363636364,639.227272727273,440.954545454545,857.909090909091,604.545454545455,191.818181818182,113.727272727273,244.5,54.4090909090909,253.045454545455,163.272727272727,135.863636363636,760.045454545455,126.954545454545,83.2272727272727,40.3636363636364,44.4545454545455,40.7727272727273,163.227272727273,64.1818181818182,75.7272727272727,11428.5
CC,172.818181818182,276.0,138.863636363636,172.545454545455,302.818181818182,186.636363636364,327.545454545455,376.772727272727,338.5,211.363636363636,343.227272727273,154.227272727273,216.409090909091,173.0,104.454545454545,78.0909090909091,91.9545454545455,91.5,177.227272727273,189.272727272727,170.363636363636,93.0909090909091,82.2727272727273,232.5,462.590909090909,165.409090909091,108.863636363636,84.1363636363636,59.0454545454545,242.363636363636,408.045454545455,326.590909090909,533.5,491.818181818182,196.409090909091,111.863636363636,219.863636363636,66.0,156.863636363636,198.863636363636,155.818181818182,295.318181818182,146.409090909091,77.0,19.0909090909091,44.4545454545455,40.6818181818182,171.818181818182,50.5454545454545,70.4090909090909,9605.22727272727
16,97.8636363636364,123.227272727273,51.3181818181818,73.4090909090909,163.545454545455,86.1818181818182,188.045454545455,205.590909090909,172.5,102.045454545455,169.636363636364,61.6363636363636,87.0454545454545,66.4545454545455,38.9545454545455,27.0909090909091,34.5909090909091,33.3636363636364,54.1363636363636,56.6363636363636,51.1818181818182,32.2727272727273,23.1363636363636,100.5,228.909090909091,452.318181818182,433.545454545455,497.136363636364,254.954545454545,30.1818181818182,102.318181818182,203.090909090909,339.5,296.681818181818,111.454545454545,29.8181818181818,64.6818181818182,19.0454545454545,80.3181818181818,77.0454545454545,83.6363636363636,186.181818181818,80.7727272727273,30.0909090909091,8.77272727272727,19.4090909090909,12.1818181818182,64.1363636363636,18.4545454545455,23.4545454545455,5848.45454545455
24,123.181818181818,92.6363636363636,37.9545454545455,41.7272727272727,142.454545454545,47.1363636363636,114.909090909091,146.863636363636,144.136363636364,75.6818181818182,118.090909090909,68.9545454545455,63.2727272727273,49.5,26.1818181818182,31.0,13.9090909090909,16.8181818181818,47.7272727272727,36.9545454545455,33.9090909090909,19.5909090909091,15.3181818181818,64.0909090909091,145.772727272727,667.772727272727,698.272727272727,747.772727272727,451.863636363636,98.4545454545455,30.0,174.409090909091,290.863636363636,270.090909090909,93.9090909090909,15.9545454545455,38.0909090909091,13.2727272727273,68.4090909090909,65.7272727272727,85.2727272727273,119.363636363636,70.9090909090909,15.1363636363636,9.04545454545454,12.5,12.8181818181818,44.6363636363636,9.90909090909091,12.6818181818182,5834.90909090909
GP,28.3181818181818,37.1818181818182,16.4090909090909,17.4090909090909,70.9545454545455,18.4545454545455,37.7727272727273,70.9545454545455,68.8636363636364,29.5,38.7727272727273,22.5909090909091,20.5,20.6363636363636,12.2272727272727,5.5,6.40909090909091,7.95454545454545,20.8636363636364,19.6363636363636,19.1818181818182,7.04545454545455,9.54545454545454,32.6818181818182,44.0,476.090909090909,513.590909090909,472.045454545455,331.818181818182,207.681818181818,178.090909090909,12.9545454545455,49.5454545454545,61.9090909090909,37.6363636363636,6.09090909090909,23.1818181818182,4.13636363636364,23.1818181818182,26.4090909090909,41.2272727272727,86.3181818181818,53.5909090909091,8.86363636363636,5.04545454545455,3.81818181818182,3.54545454545455,31.4545454545455,5.27272727272727,5.90909090909091,3352.77272727273
BP,41.8181818181818,47.2272727272727,19.5454545454545,17.6818181818182,61.4545454545455,21.1363636363636,43.5909090909091,51.7272727272727,68.9090909090909,39.3636363636364,56.4545454545455,25.2272727272727,46.1363636363636,29.0909090909091,13.3181818181818,9.72727272727273,12.0,5.09090909090909,27.5909090909091,18.0454545454545,21.6818181818182,12.7727272727273,9.68181818181818,24.5454545454545,58.5909090909091,463.227272727273,512.818181818182,947.363636363636,517.636363636364,311.409090909091,275.090909090909,49.6818181818182,16.4090909090909,74.8181818181818,60.8181818181818,12.5909090909091,23.9090909090909,11.0454545454545,28.9090909090909,46.1818181818182,64.3636363636364,65.6818181818182,67.1363636363636,8.27272727272727,3.36363636363636,4.5,9.59090909090909,24.7272727272727,4.54545454545455,9.45454545454546,4395.95454545455
DC,97.6818181818182,123.0,30.9090909090909,19.2272727272727,69.0,24.6363636363636,48.0909090909091,68.5454545454545,93.0454545454545,50.7727272727273,139.636363636364,77.8636363636364,93.7727272727273,52.4090909090909,33.0,23.9090909090909,27.5,30.3181818181818,54.6818181818182,39.4090909090909,40.3181818181818,14.2272727272727,14.2727272727273,25.8636363636364,56.0,602.772727272727,701.590909090909,670.181818181818,520.136363636364,322.318181818182,293.409090909091,63.0454545454545,86.6818181818182,23.0,39.0454545454545,23.8181818181818,58.4545454545455,18.7272727272727,58.0909090909091,82.7272727272727,115.727272727273,163.181818181818,177.181818181818,20.7727272727273,6.59090909090909,11.9545454545455,14.1363636363636,66.0909090909091,21.9545454545455,24.4090909090909,5534.09090909091
CM,12.4090909090909,11.1818181818182,4.31818181818182,2.90909090909091,19.5909090909091,5.0,6.95454545454545,17.9090909090909,30.9090909090909,4.90909090909091,3.31818181818182,4.0,5.0,3.09090909090909,4.0,2.36363636363636,2.77272727272727,0.954545454545455,8.81818181818182,7.31818181818182,8.63636363636364,2.18181818181818,2.13636363636364,3.63636363636364,8.59090909090909,227.636363636364,234.409090909091,224.454545454545,195.772727272727,103.590909090909,86.6818181818182,38.3636363636364,60.7727272727273,31.3636363636364,8.90909090909091,2.22727272727273,3.68181818181818,0.818181818181818,10.1818181818182,16.1363636363636,25.5,58.1363636363636,51.0,0.590909090909091,0.863636363636364,0.454545454545455,3.0,9.72727272727273,0.818181818181818,1.13636363636364,1579.13636363636
CV,2.86363636363636,5.0,3.31818181818182,2.54545454545455,22.0909090909091,2.45454545454545,10.1818181818182,19.6818181818182,21.6818181818182,58.2727272727273,39.0,26.0454545454545,35.3181818181818,29.5454545454545,14.0,13.0454545454545,13.6818181818182,13.9090909090909,5.90909090909091,1.68181818181818,1.77272727272727,1.0,1.13636363636364,1.68181818181818,9.95454545454546,231.636363636364,183.318181818182,117.727272727273,124.0,28.1363636363636,19.0454545454545,6.0,14.0,23.1363636363636,1.77272727272727,7.0,73.9545454545455,0.5,1.40909090909091,2.54545454545455,2.18181818181818,11.8181818181818,1.95454545454545,49.2272727272727,5.0,5.59090909090909,0.181818181818182,1.81818181818182,5.86363636363636,10.5909090909091,1284.18181818182
ED,9.0,14.2727272727273,6.40909090909091,6.18181818181818,57.0909090909091,11.5,29.3181818181818,53.1818181818182,80.5909090909091,99.8636363636364,99.2272727272727,68.1818181818182,101.409090909091,72.7272727272727,51.6818181818182,25.6363636363636,37.2272727272727,35.5,6.40909090909091,3.72727272727273,3.90909090909091,0.272727272727273,0.545454545454545,3.22727272727273,18.5454545454545,708.045454545455,478.090909090909,261.454545454545,243.772727272727,66.9090909090909,40.7272727272727,24.4090909090909,25.4090909090909,61.9090909090909,3.77272727272727,70.1363636363636,24.8181818181818,1.27272727272727,3.63636363636364,3.72727272727273,3.77272727272727,84.0,7.86363636363636,21.8181818181818,34.9545454545455,19.0909090909091,0.818181818181818,4.86363636363636,27.5454545454545,38.2272727272727,3156.68181818182
NC,2.45454545454545,2.68181818181818,2.54545454545455,0.863636363636364,10.6363636363636,2.0,18.7727272727273,22.4545454545455,36.2272727272727,5.31818181818182,4.09090909090909,3.40909090909091,3.81818181818182,3.18181818181818,2.40909090909091,0.590909090909091,1.45454545454545,1.40909090909091,22.0454545454545,12.8636363636364,17.0454545454545,7.27272727272727,0.863636363636364,7.54545454545455,2.68181818181818,83.4545454545455,74.1818181818182,58.0,74.3636363636364,21.1818181818182,16.5909090909091,5.54545454545455,10.8181818181818,18.5909090909091,0.590909090909091,0.454545454545455,1.40909090909091,3.09090909090909,18.9090909090909,5.31818181818182,2.68181818181818,23.0,1.72727272727273,0.318181818181818,5.54545454545455,0.954545454545455,16.4090909090909,22.5,0.454545454545455,1.63636363636364,662.363636363636
WP,11.7272727272727,7.59090909090909,3.63636363636364,5.13636363636364,41.4090909090909,6.90909090909091,82.6818181818182,52.3181818181818,87.3636363636364,13.1818181818182,12.5454545454545,14.6363636363636,10.4545454545455,5.0,14.0,4.04545454545455,4.86363636363636,5.86363636363636,145.863636363636,55.6818181818182,87.6363636363636,17.9545454545455,11.5454545454545,36.1363636363636,9.22727272727273,268.0,216.636363636364,308.045454545455,242.863636363636,86.7727272727273,78.6363636363636,31.1818181818182,32.5,60.1818181818182,9.72727272727273,2.22727272727273,4.04545454545455,17.4090909090909,16.4090909090909,9.27272727272727,12.3181818181818,73.2272727272727,8.22727272727273,1.63636363636364,12.5454545454545,4.86363636363636,7.90909090909091,20.3181818181818,2.68181818181818,7.95454545454545,2283.0
SS,11.5454545454545,13.2727272727273,3.95454545454545,1.68181818181818,20.4545454545455,4.68181818181818,9.27272727272727,21.5909090909091,33.5909090909091,4.95454545454545,10.5,4.54545454545455,4.90909090909091,7.45454545454545,5.22727272727273,3.63636363636364,2.18181818181818,0.636363636363636,10.6363636363636,8.13636363636364,11.6363636363636,2.72727272727273,2.04545454545455,4.22727272727273,8.72727272727273,187.636363636364,209.409090909091,187.545454545455,197.727272727273,77.0,69.5454545454545,25.0909090909091,57.3181818181818,81.0454545454545,15.6818181818182,2.27272727272727,4.90909090909091,5.09090909090909,10.0454545454545,8.36363636363636,19.0454545454545,38.2727272727273,25.6363636363636,2.0,0.954545454545455,1.18181818181818,0.409090909090909,15.4090909090909,0.545454545454545,0.681818181818182,1455.04545454545
SB,17.1363636363636,19.8181818181818,8.18181818181818,4.27272727272727,22.0909090909091,4.45454545454545,12.2727272727273,27.3181818181818,28.6818181818182,5.54545454545455,15.8181818181818,7.68181818181818,8.0,10.3636363636364,5.81818181818182,2.27272727272727,0.727272727272727,4.22727272727273,13.0909090909091,9.68181818181818,9.54545454545454,4.68181818181818,3.90909090909091,7.36363636363636,17.1818181818182,180.0,198.227272727273,161.0,162.681818181818,92.1363636363636,89.3636363636364,42.4545454545455,68.5909090909091,111.136363636364,26.3181818181818,2.90909090909091,3.5,3.68181818181818,10.6818181818182,21.7272727272727,10.5909090909091,70.7272727272727,18.0,1.86363636363636,1.45454545454545,0.727272727272727,2.0,14.2272727272727,1.77272727272727,1.04545454545455,1566.95454545455
SO,52.0,74.0,47.4090909090909,67.8636363636364,134.909090909091,46.8181818181818,78.6363636363636,66.7727272727273,80.3636363636364,21.4090909090909,32.8636363636364,16.5909090909091,18.7272727272727,12.9545454545455,6.72727272727273,4.18181818181818,8.36363636363636,14.6363636363636,75.3636363636364,99.8636363636364,113.590909090909,74.3181818181818,53.9090909090909,97.1363636363636,93.0454545454545,241.909090909091,207.818181818182,626.363636363636,270.136363636364,156.545454545455,94.0,71.5909090909091,59.7727272727273,139.181818181818,55.9090909090909,9.54545454545454,67.6818181818182,22.5,64.8181818181818,37.7272727272727,59.9090909090909,83.3181818181818,318.772727272727,20.8181818181818,7.27272727272727,7.36363636363636,7.18181818181818,58.1818181818182,6.22727272727273,4.13636363636364,4091.13636363636
MB,15.7272727272727,28.0454545454545,13.2272727272727,12.0,64.8181818181818,13.1363636363636,21.0,29.3181818181818,37.5,6.5,11.2272727272727,9.04545454545454,5.31818181818182,4.95454545454545,4.59090909090909,2.40909090909091,2.5,1.72727272727273,13.3636363636364,7.22727272727273,8.36363636363636,2.95454545454545,3.90909090909091,4.5,14.2272727272727,178.5,196.909090909091,138.0,136.454545454545,70.7272727272727,65.7727272727273,45.9090909090909,72.4545454545455,165.0,43.3181818181818,2.13636363636364,8.27272727272727,1.63636363636364,6.27272727272727,21.7272727272727,14.2727272727273,321.727272727273,31.5454545454545,2.5,1.86363636363636,1.0,2.31818181818182,9.22727272727273,0.363636363636364,0.272727272727273,1875.77272727273
WD,3.81818181818182,6.45454545454545,3.81818181818182,1.90909090909091,19.0909090909091,4.40909090909091,15.9090909090909,24.4090909090909,26.9090909090909,56.5909090909091,37.0454545454545,23.7272727272727,45.1363636363636,39.6818181818182,22.7272727272727,17.9545454545455,14.8181818181818,14.5909090909091,4.45454545454545,1.45454545454545,1.0,0.409090909090909,0.227272727272727,1.63636363636364,6.09090909090909,300.954545454545,200.636363636364,88.0909090909091,96.1363636363636,33.4545454545455,15.5454545454545,11.9545454545455,10.3181818181818,23.0,0.454545454545455,51.9090909090909,21.3636363636364,0.681818181818182,2.22727272727273,2.45454545454545,2.31818181818182,26.3636363636364,3.0,7.86363636363636,15.1363636363636,6.54545454545455,1.04545454545455,0.954545454545455,12.7727272727273,18.2727272727273,1347.72727272727
OA,7.0,20.7727272727273,14.9545454545455,17.8636363636364,56.4090909090909,13.3636363636364,15.6363636363636,17.7272727272727,21.0,11.8636363636364,8.09090909090909,12.1363636363636,7.54545454545455,4.31818181818182,5.90909090909091,4.72727272727273,6.54545454545455,8.22727272727273,15.7727272727273,20.0,14.2727272727273,10.5454545454545,5.31818181818182,7.04545454545455,4.81818181818182,54.2727272727273,33.3181818181818,38.4090909090909,27.2272727272727,10.3181818181818,10.0909090909091,7.13636363636364,3.77272727272727,6.5,0.818181818181818,2.27272727272727,26.7272727272727,5.72727272727273,13.5,0.954545454545455,0.772727272727273,9.31818181818182,1.59090909090909,12.9090909090909,10.0909090909091,3.68181818181818,2.63636363636364,13.3181818181818,4.59090909090909,7.04545454545455,638.863636363636
WS,7.13636363636364,17.5,8.68181818181818,5.31818181818182,33.2272727272727,7.0,25.2272727272727,33.9090909090909,24.1818181818182,34.0909090909091,43.0,35.9090909090909,48.5,41.4090909090909,75.9090909090909,66.2272727272727,71.1818181818182,69.4090909090909,4.36363636363636,3.18181818181818,3.09090909090909,1.5,0.318181818181818,2.45454545454545,4.31818181818182,109.727272727273,77.0,42.9545454545455,48.6818181818182,19.8181818181818,11.5,3.59090909090909,6.13636363636364,12.0454545454545,0.5,5.90909090909091,15.8181818181818,0.909090909090909,5.27272727272727,1.09090909090909,0.727272727272727,8.04545454545454,1.04545454545455,6.45454545454545,3.45454545454545,9.5,2.90909090909091,6.09090909090909,79.7272727272727,83.2727272727273,1229.22727272727
PC,4.45454545454545,2.81818181818182,0.590909090909091,0.954545454545455,7.36363636363636,2.77272727272727,18.2272727272727,12.8181818181818,18.9090909090909,7.81818181818182,9.72727272727273,7.63636363636364,3.72727272727273,3.5,4.95454545454545,1.59090909090909,1.5,1.40909090909091,73.8636363636364,20.0454545454545,27.8636363636364,5.59090909090909,5.31818181818182,11.9545454545455,7.77272727272727,29.5,22.5,43.7272727272727,40.5454545454545,14.9545454545455,12.0454545454545,2.77272727272727,8.95454545454546,14.4090909090909,1.81818181818182,0.136363636363636,0.909090909090909,16.0454545454545,8.18181818181818,1.22727272727273,1.72727272727273,7.5,2.0,1.77272727272727,3.13636363636364,2.86363636363636,1.72727272727273,29.3181818181818,0.954545454545455,2.18181818181818,534.090909090909
AN,15.6363636363636,10.6363636363636,4.0,5.27272727272727,30.2272727272727,8.54545454545454,81.4545454545455,62.7727272727273,88.5909090909091,19.1363636363636,18.5909090909091,29.2272727272727,19.7727272727273,8.04545454545454,17.0909090909091,5.0,5.09090909090909,6.54545454545455,118.181818181818,44.2727272727273,70.4545454545455,12.5,9.90909090909091,28.4090909090909,13.9545454545455,225.090909090909,193.818181818182,183.636363636364,188.0,65.9545454545455,42.9545454545455,32.0,26.0,65.9545454545455,9.77272727272727,2.13636363636364,4.31818181818182,21.9090909090909,25.2727272727273,14.4090909090909,14.0454545454545,68.7272727272727,8.68181818181818,0.454545454545455,16.8636363636364,10.9545454545455,28.0,35.0,5.18181818181818,8.86363636363636,2031.31818181818
ML,7.40909090909091,14.4545454545455,8.59090909090909,8.90909090909091,75.8636363636364,10.7727272727273,21.0909090909091,38.0454545454545,36.4090909090909,30.2272727272727,37.8181818181818,41.6363636363636,40.4545454545455,24.4545454545455,68.3181818181818,39.5909090909091,71.8636363636364,91.3636363636364,8.22727272727273,6.04545454545455,5.31818181818182,1.18181818181818,2.13636363636364,4.27272727272727,7.04545454545455,140.454545454545,111.227272727273,63.6818181818182,55.0454545454545,19.8181818181818,10.8636363636364,5.18181818181818,6.13636363636364,23.3636363636364,0.636363636363636,5.27272727272727,25.4090909090909,0.5,3.27272727272727,0.545454545454545,0.863636363636364,7.45454545454545,0.227272727272727,12.0454545454545,3.86363636363636,83.4090909090909,0.409090909090909,5.22727272727273,18.6363636363636,32.7272727272727,1337.77272727273
BE,16.3636363636364,20.3636363636364,11.2727272727273,9.81818181818182,114.318181818182,16.9545454545455,27.4545454545455,51.1363636363636,47.7272727272727,41.5909090909091,55.7272727272727,50.2727272727273,65.9090909090909,60.7727272727273,90.1363636363636,63.0909090909091,90.4545454545455,132.409090909091,10.6818181818182,8.72727272727273,7.27272727272727,2.5,3.13636363636364,8.22727272727273,9.36363636363636,150.045454545455,113.454545454545,79.3636363636364,70.9090909090909,24.4090909090909,12.9090909090909,7.09090909090909,8.68181818181818,25.1363636363636,1.27272727272727,7.59090909090909,33.1363636363636,2.68181818181818,7.09090909090909,0.590909090909091,0.681818181818182,7.22727272727273,0.227272727272727,17.1363636363636,6.81818181818182,99.3181818181818,2.22727272727273,7.22727272727273,24.7727272727273,13.8636363636364,1739.54545454545
Grand Total,2695.90909090909,3849.90909090909,2169.81818181818,1895.22727272727,6001.63636363636,2119.31818181818,4039.81818181818,5013.18181818182,5380.27272727273,3075.09090909091,4366.77272727273,2620.45454545455,3551.63636363636,2735.81818181818,2494.63636363636,1576.27272727273,1983.45454545455,2201.04545454545,2848.5,2693.77272727273,2971.59090909091,1702.31818181818,1395.54545454545,2692.36363636364,3903.72727272727,16040.1818181818,13177.9090909091,12312.8181818182,10429.2727272727,5907.27272727273,6006.77272727273,3426.72727272727,4743.45454545455,5418.54545454545,1598.36363636364,1283.18181818182,3165.36363636364,696.863636363636,2163.72727272727,1450.18181818182,1534.36363636364,4588.18181818182,1960.95454545455,1310.45454545455,669.409090909091,1321.45454545455,561.136363636364,2039.27272727273,1350.59090909091,1699.13636363636,180833.681818182
